delete from room_sensor;
delete from room;
delete from sensor;
delete from slm;
delete from location;

-- location
insert into location(location_id,name,time_zone_id,cdate) values('5014337','LG SciencePark','Asia/Tokyo','20180109000000');

-- room
insert into room(location_id,room_id,name,enable,cdate,udate) values('5014337','W2A501','W2동 A501',0,'20180109000000','20180109000000');
insert into room(location_id,room_id,name,enable,cdate,udate) values('5014337','W2A502','W2동 A502',0,'20180109000000','20180109000000');
insert into room(location_id,room_id,name,enable,cdate,udate) values('5014337','W2A503','W2동 A503',0,'20180109000000','20180109000000');
insert into room(location_id,room_id,name,enable,cdate,udate) values('5014337','W2A504','W2동 A504',0,'20180109000000','20180109000000');
insert into room(location_id,room_id,name,enable,cdate,udate) values('5014337','W2A505','W2동 A505',0,'20180109000000','20180109000000');
insert into room(location_id,room_id,name,enable,cdate,udate) values('5014337','W2A506','W2동 A506',0,'20180109000000','20180109000000');
insert into room(location_id,room_id,name,enable,cdate,udate) values('5014337','W2A507','W2동 A507',0,'20180109000000','20180109000000');
insert into room(location_id,room_id,name,enable,cdate,udate) values('5014337','W2A508','W2동 A508',0,'20180109000000','20180109000000');
insert into room(location_id,room_id,name,enable,cdate,udate) values('5014337','W2A509','W2동 A509',0,'20180109000000','20180109000000');
insert into room(location_id,room_id,name,enable,cdate,udate) values('5014337','W2B501','W2동 B501',0,'20180109000000','20180109000000');
insert into room(location_id,room_id,name,enable,cdate,udate) values('5014337','W2B502','W2동 B502',0,'20180109000000','20180109000000');
insert into room(location_id,room_id,name,enable,cdate,udate) values('5014337','W2B503','W2동 B503',0,'20180109000000','20180109000000');
insert into room(location_id,room_id,name,enable,cdate,udate) values('5014337','W2B504','W2동 B504',0,'20180109000000','20180109000000');
insert into room(location_id,room_id,name,enable,cdate,udate) values('5014337','W2B505','W2동 B505',0,'20180109000000','20180109000000');
insert into room(location_id,room_id,name,enable,cdate,udate) values('5014337','W2B506','W2동 B506',0,'20180109000000','20180109000000');
insert into room(location_id,room_id,name,enable,cdate,udate) values('5014337','W2B507','W2동 B507',0,'20180109000000','20180109000000');

insert into room(location_id,room_id,name,enable,cdate,udate) values('5014337','W2A601','W2동 A601',1,'20180109000000','20180109000000');
insert into room(location_id,room_id,name,enable,cdate,udate) values('5014337','W2A602','W2동 A602',1,'20180109000000','20180109000000');
insert into room(location_id,room_id,name,enable,cdate,udate) values('5014337','W2A603','W2동 A603',1,'20180109000000','20180109000000');
insert into room(location_id,room_id,name,enable,cdate,udate) values('5014337','W2A604','W2동 A604',1,'20180109000000','20180109000000');
insert into room(location_id,room_id,name,enable,cdate,udate) values('5014337','W2A605','W2동 A605',1,'20180109000000','20180109000000');
insert into room(location_id,room_id,name,enable,cdate,udate) values('5014337','W2A606','W2동 A606',1,'20180109000000','20180109000000');
insert into room(location_id,room_id,name,enable,cdate,udate) values('5014337','W2A607','W2동 A607',1,'20180109000000','20180109000000');
insert into room(location_id,room_id,name,enable,cdate,udate) values('5014337','W2A608','W2동 A608',1,'20180109000000','20180109000000');
insert into room(location_id,room_id,name,enable,cdate,udate) values('5014337','W2A609','W2동 A609',1,'20180109000000','20180109000000');
insert into room(location_id,room_id,name,enable,cdate,udate) values('5014337','W2B601','W2동 B601',1,'20180109000000','20180109000000');
insert into room(location_id,room_id,name,enable,cdate,udate) values('5014337','W2B602','W2동 B602',1,'20180109000000','20180109000000');
insert into room(location_id,room_id,name,enable,cdate,udate) values('5014337','W2B603','W2동 B603',1,'20180109000000','20180109000000');
insert into room(location_id,room_id,name,enable,cdate,udate) values('5014337','W2B604','W2동 B604',1,'20180109000000','20180109000000');
insert into room(location_id,room_id,name,enable,cdate,udate) values('5014337','W2B605','W2동 B605',1,'20180109000000','20180109000000');
insert into room(location_id,room_id,name,enable,cdate,udate) values('5014337','W2B606','W2동 B606',1,'20180109000000','20180109000000');
insert into room(location_id,room_id,name,enable,cdate,udate) values('5014337','W2B607','W2동 B607',1,'20180109000000','20180109000000');

-- slm
insert into slm(slm_id,protocol,ip,port,use_auth,user_id,user_pw,cdate) values('s3dong1','http','10.158.231.11',8080,0,NULL,NULL,'20180109000000');
insert into slm(slm_id,protocol,ip,port,use_auth,user_id,user_pw,cdate) values('s3dong2','http','10.158.231.12',8080,0,NULL,NULL,'20180109000000');
insert into slm(slm_id,protocol,ip,port,use_auth,user_id,user_pw,cdate) values('n3dong1','http','10.158.225.11',8080,0,NULL,NULL,'20180109000000');
insert into slm(slm_id,protocol,ip,port,use_auth,user_id,user_pw,cdate) values('n3dong2','http','10.158.225.12',8080,0,NULL,NULL,'20180109000000');
insert into slm(slm_id,protocol,ip,port,use_auth,user_id,user_pw,cdate) values('n1dong1','http','10.158.221.11',8080,0,NULL,NULL,'20180109000000');
insert into slm(slm_id,protocol,ip,port,use_auth,user_id,user_pw,cdate) values('n1dong2','http','10.158.221.12',8080,0,NULL,NULL,'20180109000000');
insert into slm(slm_id,protocol,ip,port,use_auth,user_id,user_pw,cdate) values('n2dong','http','10.158.223.11',8080,0,NULL,NULL,'20180109000000');
insert into slm(slm_id,protocol,ip,port,use_auth,user_id,user_pw,cdate) values('s1dong1','http','10.158.227.11',8080,0,NULL,NULL,'20180109000000');
insert into slm(slm_id,protocol,ip,port,use_auth,user_id,user_pw,cdate) values('s1dong2','http','10.158.227.12',8080,0,NULL,NULL,'20180109000000');
insert into slm(slm_id,protocol,ip,port,use_auth,user_id,user_pw,cdate) values('s2dong','http','10.158.229.11',8080,0,NULL,NULL,'20180109000000');

-- sensor
insert into sensor(slm_id,sensor_id,name,cdate) values('n1dong1','/마곡 N1동 1/5F/Lighting2022/Occupancy','마곡 N1동 1_5F_Lighting 2022_Occupancy','20180109000000');
insert into sensor(slm_id,sensor_id,name,cdate) values('n1dong1','/마곡 N1동 1/5F/Lighting2023/Occupancy','마곡 N1동 1_5F_Lighting 2023_Occupancy','20180109000000');
insert into sensor(slm_id,sensor_id,name,cdate) values('n1dong1','/마곡 N1동 1/5F/Lighting2035/Occupancy','마곡 N1동 1_5F_Lighting 2035_Occupancy','20180109000000');
insert into sensor(slm_id,sensor_id,name,cdate) values('n1dong1','/마곡 N1동 1/5F/Lighting2036/Occupancy','마곡 N1동 1_5F_Lighting 2036_Occupancy','20180109000000');
insert into sensor(slm_id,sensor_id,name,cdate) values('n1dong1','/마곡 N1동 1/5F/Lighting2020/Occupancy','마곡 N1동 1_5F_Lighting 2020_Occupancy','20180109000000');
insert into sensor(slm_id,sensor_id,name,cdate) values('n1dong1','/마곡 N1동 1/5F/Lighting2021/Occupancy','마곡 N1동 1_5F_Lighting 2021_Occupancy','20180109000000');
insert into sensor(slm_id,sensor_id,name,cdate) values('n1dong1','/마곡 N1동 1/5F/Lighting2033/Occupancy','마곡 N1동 1_5F_Lighting 2033_Occupancy','20180109000000');
insert into sensor(slm_id,sensor_id,name,cdate) values('n1dong1','/마곡 N1동 1/5F/Lighting2034/Occupancy','마곡 N1동 1_5F_Lighting 2034_Occupancy','20180109000000');
insert into sensor(slm_id,sensor_id,name,cdate) values('n1dong1','/마곡 N1동 1/5F/Lighting2019/Occupancy','마곡 N1동 1_5F_Lighting 2019_Occupancy','20180109000000');
insert into sensor(slm_id,sensor_id,name,cdate) values('n1dong1','/마곡 N1동 1/5F/Lighting2032/Occupancy','마곡 N1동 1_5F_Lighting 2032_Occupancy','20180109000000');
insert into sensor(slm_id,sensor_id,name,cdate) values('n1dong1','/마곡 N1동 1/5F/Lighting2018/Occupancy','마곡 N1동 1_5F_Lighting 2018_Occupancy','20180109000000');
insert into sensor(slm_id,sensor_id,name,cdate) values('n1dong1','/마곡 N1동 1/5F/Lighting2031/Occupancy','마곡 N1동 1_5F_Lighting 2031_Occupancy','20180109000000');
insert into sensor(slm_id,sensor_id,name,cdate) values('n1dong1','/마곡 N1동 1/5F/Lighting2016/Occupancy','마곡 N1동 1_5F_Lighting 2016_Occupancy','20180109000000');
insert into sensor(slm_id,sensor_id,name,cdate) values('n1dong1','/마곡 N1동 1/5F/Lighting2029/Occupancy','마곡 N1동 1_5F_Lighting 2029_Occupancy','20180109000000');
insert into sensor(slm_id,sensor_id,name,cdate) values('n1dong1','/마곡 N1동 1/5F/Lighting2015/Occupancy','마곡 N1동 1_5F_Lighting 2015_Occupancy','20180109000000');
insert into sensor(slm_id,sensor_id,name,cdate) values('n1dong1','/마곡 N1동 1/5F/Lighting2028/Occupancy','마곡 N1동 1_5F_Lighting 2028_Occupancy','20180109000000');
insert into sensor(slm_id,sensor_id,name,cdate) values('n1dong1','/마곡 N1동 1/5F/Lighting2014/Occupancy','마곡 N1동 1_5F_Lighting 2014_Occupancy','20180109000000');
insert into sensor(slm_id,sensor_id,name,cdate) values('n1dong1','/마곡 N1동 1/5F/Lighting2027/Occupancy','마곡 N1동 1_5F_Lighting 2027_Occupancy','20180109000000');
insert into sensor(slm_id,sensor_id,name,cdate) values('n1dong1','/마곡 N1동 1/5F/Lighting2013/Occupancy','마곡 N1동 1_5F_Lighting 2013_Occupancy','20180109000000');
insert into sensor(slm_id,sensor_id,name,cdate) values('n1dong1','/마곡 N1동 1/5F/Lighting2026/Occupancy','마곡 N1동 1_5F_Lighting 2026_Occupancy','20180109000000');
insert into sensor(slm_id,sensor_id,name,cdate) values('n1dong1','/마곡 N1동 1/5F/Lighting2011/Occupancy','마곡 N1동 1_5F_Lighting 2011_Occupancy','20180109000000');
insert into sensor(slm_id,sensor_id,name,cdate) values('n1dong1','/마곡 N1동 1/5F/Lighting2012/Occupancy','마곡 N1동 1_5F_Lighting 2012_Occupancy','20180109000000');
insert into sensor(slm_id,sensor_id,name,cdate) values('n1dong1','/마곡 N1동 1/5F/Lighting2024/Occupancy','마곡 N1동 1_5F_Lighting 2024_Occupancy','20180109000000');
insert into sensor(slm_id,sensor_id,name,cdate) values('n1dong1','/마곡 N1동 1/5F/Lighting2025/Occupancy','마곡 N1동 1_5F_Lighting 2025_Occupancy','20180109000000');
insert into sensor(slm_id,sensor_id,name,cdate) values('n1dong1','/마곡 N1동 1/5F/Lighting2372/Occupancy','마곡 N1동 1_5F_Lighting 2372_Occupancy','20180109000000');
insert into sensor(slm_id,sensor_id,name,cdate) values('n1dong1','/마곡 N1동 1/5F/Lighting2373/Occupancy','마곡 N1동 1_5F_Lighting 2373_Occupancy','20180109000000');
insert into sensor(slm_id,sensor_id,name,cdate) values('n1dong1','/마곡 N1동 1/5F/Lighting2385/Occupancy','마곡 N1동 1_5F_Lighting 2385_Occupancy','20180109000000');
insert into sensor(slm_id,sensor_id,name,cdate) values('n1dong1','/마곡 N1동 1/5F/Lighting2386/Occupancy','마곡 N1동 1_5F_Lighting 2386_Occupancy','20180109000000');
insert into sensor(slm_id,sensor_id,name,cdate) values('n1dong1','/마곡 N1동 1/5F/Lighting2371/Occupancy','마곡 N1동 1_5F_Lighting 2371_Occupancy','20180109000000');
insert into sensor(slm_id,sensor_id,name,cdate) values('n1dong1','/마곡 N1동 1/5F/Lighting2384/Occupancy','마곡 N1동 1_5F_Lighting 2384_Occupancy','20180109000000');
insert into sensor(slm_id,sensor_id,name,cdate) values('n1dong1','/마곡 N1동 1/5F/Lighting2370/Occupancy','마곡 N1동 1_5F_Lighting 2370_Occupancy','20180109000000');
insert into sensor(slm_id,sensor_id,name,cdate) values('n1dong1','/마곡 N1동 1/5F/Lighting2383/Occupancy','마곡 N1동 1_5F_Lighting 2383_Occupancy','20180109000000');
insert into sensor(slm_id,sensor_id,name,cdate) values('n1dong1','/마곡 N1동 1/5F/Lighting2369/Occupancy','마곡 N1동 1_5F_Lighting 2369_Occupancy','20180109000000');
insert into sensor(slm_id,sensor_id,name,cdate) values('n1dong1','/마곡 N1동 1/5F/Lighting2382/Occupancy','마곡 N1동 1_5F_Lighting 2382_Occupancy','20180109000000');
insert into sensor(slm_id,sensor_id,name,cdate) values('n1dong1','/마곡 N1동 1/5F/Lighting2365/Occupancy','마곡 N1동 1_5F_Lighting 2365_Occupancy','20180109000000');
insert into sensor(slm_id,sensor_id,name,cdate) values('n1dong1','/마곡 N1동 1/5F/Lighting2378/Occupancy','마곡 N1동 1_5F_Lighting 2378_Occupancy','20180109000000');
insert into sensor(slm_id,sensor_id,name,cdate) values('n1dong1','/마곡 N1동 1/5F/Lighting2363/Occupancy','마곡 N1동 1_5F_Lighting 2363_Occupancy','20180109000000');
insert into sensor(slm_id,sensor_id,name,cdate) values('n1dong1','/마곡 N1동 1/5F/Lighting2364/Occupancy','마곡 N1동 1_5F_Lighting 2364_Occupancy','20180109000000');
insert into sensor(slm_id,sensor_id,name,cdate) values('n1dong1','/마곡 N1동 1/5F/Lighting2376/Occupancy','마곡 N1동 1_5F_Lighting 2376_Occupancy','20180109000000');
insert into sensor(slm_id,sensor_id,name,cdate) values('n1dong1','/마곡 N1동 1/5F/Lighting2377/Occupancy','마곡 N1동 1_5F_Lighting 2377_Occupancy','20180109000000');
insert into sensor(slm_id,sensor_id,name,cdate) values('n1dong1','/마곡 N1동 1/5F/Lighting2361/Occupancy','마곡 N1동 1_5F_Lighting 2361_Occupancy','20180109000000');
insert into sensor(slm_id,sensor_id,name,cdate) values('n1dong1','/마곡 N1동 1/5F/Lighting2362/Occupancy','마곡 N1동 1_5F_Lighting 2362_Occupancy','20180109000000');
insert into sensor(slm_id,sensor_id,name,cdate) values('n1dong1','/마곡 N1동 1/5F/Lighting2374/Occupancy','마곡 N1동 1_5F_Lighting 2374_Occupancy','20180109000000');
insert into sensor(slm_id,sensor_id,name,cdate) values('n1dong1','/마곡 N1동 1/5F/Lighting2375/Occupancy','마곡 N1동 1_5F_Lighting 2375_Occupancy','20180109000000');

insert into sensor(slm_id,sensor_id,name,cdate) values('n1dong2','/마곡 N1동 2/6F/Lighting522/Occupancy','마곡 N1동 2_6F_Lighting 0522_Occupancy','20180109000000');
insert into sensor(slm_id,sensor_id,name,cdate) values('n1dong2','/마곡 N1동 2/6F/Lighting523/Occupancy','마곡 N1동 2_6F_Lighting 0523_Occupancy','20180109000000');
insert into sensor(slm_id,sensor_id,name,cdate) values('n1dong2','/마곡 N1동 2/6F/Lighting535/Occupancy','마곡 N1동 2_6F_Lighting 0535_Occupancy','20180109000000');
insert into sensor(slm_id,sensor_id,name,cdate) values('n1dong2','/마곡 N1동 2/6F/Lighting536/Occupancy','마곡 N1동 2_6F_Lighting 0536_Occupancy','20180109000000');
insert into sensor(slm_id,sensor_id,name,cdate) values('n1dong2','/마곡 N1동 2/6F/Lighting520/Occupancy','마곡 N1동 2_6F_Lighting 0520_Occupancy','20180109000000');
insert into sensor(slm_id,sensor_id,name,cdate) values('n1dong2','/마곡 N1동 2/6F/Lighting521/Occupancy','마곡 N1동 2_6F_Lighting 0521_Occupancy','20180109000000');
insert into sensor(slm_id,sensor_id,name,cdate) values('n1dong2','/마곡 N1동 2/6F/Lighting533/Occupancy','마곡 N1동 2_6F_Lighting 0533_Occupancy','20180109000000');
insert into sensor(slm_id,sensor_id,name,cdate) values('n1dong2','/마곡 N1동 2/6F/Lighting534/Occupancy','마곡 N1동 2_6F_Lighting 0534_Occupancy','20180109000000');
insert into sensor(slm_id,sensor_id,name,cdate) values('n1dong2','/마곡 N1동 2/6F/Lighting519/Occupancy','마곡 N1동 2_6F_Lighting 0519_Occupancy','20180109000000');
insert into sensor(slm_id,sensor_id,name,cdate) values('n1dong2','/마곡 N1동 2/6F/Lighting532/Occupancy','마곡 N1동 2_6F_Lighting 0532_Occupancy','20180109000000');
insert into sensor(slm_id,sensor_id,name,cdate) values('n1dong2','/마곡 N1동 2/6F/Lighting518/Occupancy','마곡 N1동 2_6F_Lighting 0518_Occupancy','20180109000000');
insert into sensor(slm_id,sensor_id,name,cdate) values('n1dong2','/마곡 N1동 2/6F/Lighting531/Occupancy','마곡 N1동 2_6F_Lighting 0531_Occupancy','20180109000000');
insert into sensor(slm_id,sensor_id,name,cdate) values('n1dong2','/마곡 N1동 2/6F/Lighting516/Occupancy','마곡 N1동 2_6F_Lighting 0516_Occupancy','20180109000000');
insert into sensor(slm_id,sensor_id,name,cdate) values('n1dong2','/마곡 N1동 2/6F/Lighting529/Occupancy','마곡 N1동 2_6F_Lighting 0529_Occupancy','20180109000000');
insert into sensor(slm_id,sensor_id,name,cdate) values('n1dong2','/마곡 N1동 2/6F/Lighting515/Occupancy','마곡 N1동 2_6F_Lighting 0515_Occupancy','20180109000000');
insert into sensor(slm_id,sensor_id,name,cdate) values('n1dong2','/마곡 N1동 2/6F/Lighting528/Occupancy','마곡 N1동 2_6F_Lighting 0528_Occupancy','20180109000000');
insert into sensor(slm_id,sensor_id,name,cdate) values('n1dong2','/마곡 N1동 2/6F/Lighting514/Occupancy','마곡 N1동 2_6F_Lighting 0514_Occupancy','20180109000000');
insert into sensor(slm_id,sensor_id,name,cdate) values('n1dong2','/마곡 N1동 2/6F/Lighting527/Occupancy','마곡 N1동 2_6F_Lighting 0527_Occupancy','20180109000000');
insert into sensor(slm_id,sensor_id,name,cdate) values('n1dong2','/마곡 N1동 2/6F/Lighting513/Occupancy','마곡 N1동 2_6F_Lighting 0513_Occupancy','20180109000000');
insert into sensor(slm_id,sensor_id,name,cdate) values('n1dong2','/마곡 N1동 2/6F/Lighting526/Occupancy','마곡 N1동 2_6F_Lighting 0526_Occupancy','20180109000000');
insert into sensor(slm_id,sensor_id,name,cdate) values('n1dong2','/마곡 N1동 2/6F/Lighting511/Occupancy','마곡 N1동 2_6F_Lighting 0511_Occupancy','20180109000000');
insert into sensor(slm_id,sensor_id,name,cdate) values('n1dong2','/마곡 N1동 2/6F/Lighting512/Occupancy','마곡 N1동 2_6F_Lighting 0512_Occupancy','20180109000000');
insert into sensor(slm_id,sensor_id,name,cdate) values('n1dong2','/마곡 N1동 2/6F/Lighting524/Occupancy','마곡 N1동 2_6F_Lighting 0524_Occupancy','20180109000000');
insert into sensor(slm_id,sensor_id,name,cdate) values('n1dong2','/마곡 N1동 2/6F/Lighting525/Occupancy','마곡 N1동 2_6F_Lighting 0525_Occupancy','20180109000000');
insert into sensor(slm_id,sensor_id,name,cdate) values('n1dong2','/마곡 N1동 2/6F/Lighting869/Occupancy','마곡 N1동 2_6F_Lighting 0869_Occupancy','20180109000000');
insert into sensor(slm_id,sensor_id,name,cdate) values('n1dong2','/마곡 N1동 2/6F/Lighting870/Occupancy','마곡 N1동 2_6F_Lighting 0870_Occupancy','20180109000000');
insert into sensor(slm_id,sensor_id,name,cdate) values('n1dong2','/마곡 N1동 2/6F/Lighting882/Occupancy','마곡 N1동 2_6F_Lighting 0882_Occupancy','20180109000000');
insert into sensor(slm_id,sensor_id,name,cdate) values('n1dong2','/마곡 N1동 2/6F/Lighting883/Occupancy','마곡 N1동 2_6F_Lighting 0883_Occupancy','20180109000000');
insert into sensor(slm_id,sensor_id,name,cdate) values('n1dong2','/마곡 N1동 2/6F/Lighting868/Occupancy','마곡 N1동 2_6F_Lighting 0868_Occupancy','20180109000000');
insert into sensor(slm_id,sensor_id,name,cdate) values('n1dong2','/마곡 N1동 2/6F/Lighting881/Occupancy','마곡 N1동 2_6F_Lighting 0881_Occupancy','20180109000000');
insert into sensor(slm_id,sensor_id,name,cdate) values('n1dong2','/마곡 N1동 2/6F/Lighting867/Occupancy','마곡 N1동 2_6F_Lighting 0867_Occupancy','20180109000000');
insert into sensor(slm_id,sensor_id,name,cdate) values('n1dong2','/마곡 N1동 2/6F/Lighting880/Occupancy','마곡 N1동 2_6F_Lighting 0880_Occupancy','20180109000000');
insert into sensor(slm_id,sensor_id,name,cdate) values('n1dong2','/마곡 N1동 2/6F/Lighting866/Occupancy','마곡 N1동 2_6F_Lighting 0866_Occupancy','20180109000000');
insert into sensor(slm_id,sensor_id,name,cdate) values('n1dong2','/마곡 N1동 2/6F/Lighting879/Occupancy','마곡 N1동 2_6F_Lighting 0879_Occupancy','20180109000000');
insert into sensor(slm_id,sensor_id,name,cdate) values('n1dong2','/마곡 N1동 2/6F/Lighting862/Occupancy','마곡 N1동 2_6F_Lighting 0862_Occupancy','20180109000000');
insert into sensor(slm_id,sensor_id,name,cdate) values('n1dong2','/마곡 N1동 2/6F/Lighting875/Occupancy','마곡 N1동 2_6F_Lighting 0875_Occupancy','20180109000000');
insert into sensor(slm_id,sensor_id,name,cdate) values('n1dong2','/마곡 N1동 2/6F/Lighting860/Occupancy','마곡 N1동 2_6F_Lighting 0860_Occupancy','20180109000000');
insert into sensor(slm_id,sensor_id,name,cdate) values('n1dong2','/마곡 N1동 2/6F/Lighting861/Occupancy','마곡 N1동 2_6F_Lighting 0861_Occupancy','20180109000000');
insert into sensor(slm_id,sensor_id,name,cdate) values('n1dong2','/마곡 N1동 2/6F/Lighting873/Occupancy','마곡 N1동 2_6F_Lighting 0873_Occupancy','20180109000000');
insert into sensor(slm_id,sensor_id,name,cdate) values('n1dong2','/마곡 N1동 2/6F/Lighting874/Occupancy','마곡 N1동 2_6F_Lighting 0874_Occupancy','20180109000000');
insert into sensor(slm_id,sensor_id,name,cdate) values('n1dong2','/마곡 N1동 2/6F/Lighting858/Occupancy','마곡 N1동 2_6F_Lighting 0858_Occupancy','20180109000000');
insert into sensor(slm_id,sensor_id,name,cdate) values('n1dong2','/마곡 N1동 2/6F/Lighting859/Occupancy','마곡 N1동 2_6F_Lighting 0859_Occupancy','20180109000000');
insert into sensor(slm_id,sensor_id,name,cdate) values('n1dong2','/마곡 N1동 2/6F/Lighting871/Occupancy','마곡 N1동 2_6F_Lighting 0871_Occupancy','20180109000000');
insert into sensor(slm_id,sensor_id,name,cdate) values('n1dong2','/마곡 N1동 2/6F/Lighting872/Occupancy','마곡 N1동 2_6F_Lighting 0872_Occupancy','20180109000000');

-- room_sensor
insert into room_sensor(location_id,room_id,sensor_id,cdate,udate,status) values('5014337','W2A501','/마곡 N1동 1/5F/Lighting2022/Occupancy','20180109000000','20180109000000',1);
insert into room_sensor(location_id,room_id,sensor_id,cdate,udate,status) values('5014337','W2A501','/마곡 N1동 1/5F/Lighting2023/Occupancy','20180109000000','20180109000000',1);
insert into room_sensor(location_id,room_id,sensor_id,cdate,udate,status) values('5014337','W2A501','/마곡 N1동 1/5F/Lighting2035/Occupancy','20180109000000','20180109000000',1);
insert into room_sensor(location_id,room_id,sensor_id,cdate,udate,status) values('5014337','W2A501','/마곡 N1동 1/5F/Lighting2036/Occupancy','20180109000000','20180109000000',1);
insert into room_sensor(location_id,room_id,sensor_id,cdate,udate,status) values('5014337','W2A502','/마곡 N1동 1/5F/Lighting2020/Occupancy','20180109000000','20180109000000',1);
insert into room_sensor(location_id,room_id,sensor_id,cdate,udate,status) values('5014337','W2A502','/마곡 N1동 1/5F/Lighting2021/Occupancy','20180109000000','20180109000000',1);
insert into room_sensor(location_id,room_id,sensor_id,cdate,udate,status) values('5014337','W2A502','/마곡 N1동 1/5F/Lighting2033/Occupancy','20180109000000','20180109000000',1);
insert into room_sensor(location_id,room_id,sensor_id,cdate,udate,status) values('5014337','W2A502','/마곡 N1동 1/5F/Lighting2034/Occupancy','20180109000000','20180109000000',1);
insert into room_sensor(location_id,room_id,sensor_id,cdate,udate,status) values('5014337','W2A503','/마곡 N1동 1/5F/Lighting2019/Occupancy','20180109000000','20180109000000',1);
insert into room_sensor(location_id,room_id,sensor_id,cdate,udate,status) values('5014337','W2A503','/마곡 N1동 1/5F/Lighting2032/Occupancy','20180109000000','20180109000000',1);
insert into room_sensor(location_id,room_id,sensor_id,cdate,udate,status) values('5014337','W2A504','/마곡 N1동 1/5F/Lighting2018/Occupancy','20180109000000','20180109000000',1);
insert into room_sensor(location_id,room_id,sensor_id,cdate,udate,status) values('5014337','W2A504','/마곡 N1동 1/5F/Lighting2031/Occupancy','20180109000000','20180109000000',1);
insert into room_sensor(location_id,room_id,sensor_id,cdate,udate,status) values('5014337','W2A505','/마곡 N1동 1/5F/Lighting2016/Occupancy','20180109000000','20180109000000',1);
insert into room_sensor(location_id,room_id,sensor_id,cdate,udate,status) values('5014337','W2A505','/마곡 N1동 1/5F/Lighting2029/Occupancy','20180109000000','20180109000000',1);
insert into room_sensor(location_id,room_id,sensor_id,cdate,udate,status) values('5014337','W2A506','/마곡 N1동 1/5F/Lighting2015/Occupancy','20180109000000','20180109000000',1);
insert into room_sensor(location_id,room_id,sensor_id,cdate,udate,status) values('5014337','W2A506','/마곡 N1동 1/5F/Lighting2028/Occupancy','20180109000000','20180109000000',1);
insert into room_sensor(location_id,room_id,sensor_id,cdate,udate,status) values('5014337','W2A507','/마곡 N1동 1/5F/Lighting2014/Occupancy','20180109000000','20180109000000',1);
insert into room_sensor(location_id,room_id,sensor_id,cdate,udate,status) values('5014337','W2A507','/마곡 N1동 1/5F/Lighting2027/Occupancy','20180109000000','20180109000000',1);
insert into room_sensor(location_id,room_id,sensor_id,cdate,udate,status) values('5014337','W2A508','/마곡 N1동 1/5F/Lighting2013/Occupancy','20180109000000','20180109000000',1);
insert into room_sensor(location_id,room_id,sensor_id,cdate,udate,status) values('5014337','W2A508','/마곡 N1동 1/5F/Lighting2026/Occupancy','20180109000000','20180109000000',1);
insert into room_sensor(location_id,room_id,sensor_id,cdate,udate,status) values('5014337','W2A509','/마곡 N1동 1/5F/Lighting2011/Occupancy','20180109000000','20180109000000',1);
insert into room_sensor(location_id,room_id,sensor_id,cdate,udate,status) values('5014337','W2A509','/마곡 N1동 1/5F/Lighting2012/Occupancy','20180109000000','20180109000000',1);
insert into room_sensor(location_id,room_id,sensor_id,cdate,udate,status) values('5014337','W2A509','/마곡 N1동 1/5F/Lighting2024/Occupancy','20180109000000','20180109000000',1);
insert into room_sensor(location_id,room_id,sensor_id,cdate,udate,status) values('5014337','W2A509','/마곡 N1동 1/5F/Lighting2025/Occupancy','20180109000000','20180109000000',1);
insert into room_sensor(location_id,room_id,sensor_id,cdate,udate,status) values('5014337','W2B501','/마곡 N1동 1/5F/Lighting2372/Occupancy','20180109000000','20180109000000',1);
insert into room_sensor(location_id,room_id,sensor_id,cdate,udate,status) values('5014337','W2B501','/마곡 N1동 1/5F/Lighting2373/Occupancy','20180109000000','20180109000000',1);
insert into room_sensor(location_id,room_id,sensor_id,cdate,udate,status) values('5014337','W2B501','/마곡 N1동 1/5F/Lighting2385/Occupancy','20180109000000','20180109000000',1);
insert into room_sensor(location_id,room_id,sensor_id,cdate,udate,status) values('5014337','W2B501','/마곡 N1동 1/5F/Lighting2386/Occupancy','20180109000000','20180109000000',1);
insert into room_sensor(location_id,room_id,sensor_id,cdate,udate,status) values('5014337','W2B502','/마곡 N1동 1/5F/Lighting2371/Occupancy','20180109000000','20180109000000',1);
insert into room_sensor(location_id,room_id,sensor_id,cdate,udate,status) values('5014337','W2B502','/마곡 N1동 1/5F/Lighting2384/Occupancy','20180109000000','20180109000000',1);
insert into room_sensor(location_id,room_id,sensor_id,cdate,udate,status) values('5014337','W2B503','/마곡 N1동 1/5F/Lighting2370/Occupancy','20180109000000','20180109000000',1);
insert into room_sensor(location_id,room_id,sensor_id,cdate,udate,status) values('5014337','W2B503','/마곡 N1동 1/5F/Lighting2383/Occupancy','20180109000000','20180109000000',1);
insert into room_sensor(location_id,room_id,sensor_id,cdate,udate,status) values('5014337','W2B504','/마곡 N1동 1/5F/Lighting2369/Occupancy','20180109000000','20180109000000',1);
insert into room_sensor(location_id,room_id,sensor_id,cdate,udate,status) values('5014337','W2B504','/마곡 N1동 1/5F/Lighting2382/Occupancy','20180109000000','20180109000000',1);
insert into room_sensor(location_id,room_id,sensor_id,cdate,udate,status) values('5014337','W2B505','/마곡 N1동 1/5F/Lighting2365/Occupancy','20180109000000','20180109000000',1);
insert into room_sensor(location_id,room_id,sensor_id,cdate,udate,status) values('5014337','W2B505','/마곡 N1동 1/5F/Lighting2378/Occupancy','20180109000000','20180109000000',1);
insert into room_sensor(location_id,room_id,sensor_id,cdate,udate,status) values('5014337','W2B506','/마곡 N1동 1/5F/Lighting2363/Occupancy','20180109000000','20180109000000',1);
insert into room_sensor(location_id,room_id,sensor_id,cdate,udate,status) values('5014337','W2B506','/마곡 N1동 1/5F/Lighting2364/Occupancy','20180109000000','20180109000000',1);
insert into room_sensor(location_id,room_id,sensor_id,cdate,udate,status) values('5014337','W2B506','/마곡 N1동 1/5F/Lighting2376/Occupancy','20180109000000','20180109000000',1);
insert into room_sensor(location_id,room_id,sensor_id,cdate,udate,status) values('5014337','W2B506','/마곡 N1동 1/5F/Lighting2377/Occupancy','20180109000000','20180109000000',1);
insert into room_sensor(location_id,room_id,sensor_id,cdate,udate,status) values('5014337','W2B507','/마곡 N1동 1/5F/Lighting2361/Occupancy','20180109000000','20180109000000',1);
insert into room_sensor(location_id,room_id,sensor_id,cdate,udate,status) values('5014337','W2B507','/마곡 N1동 1/5F/Lighting2362/Occupancy','20180109000000','20180109000000',1);
insert into room_sensor(location_id,room_id,sensor_id,cdate,udate,status) values('5014337','W2B507','/마곡 N1동 1/5F/Lighting2374/Occupancy','20180109000000','20180109000000',1);
insert into room_sensor(location_id,room_id,sensor_id,cdate,udate,status) values('5014337','W2B507','/마곡 N1동 1/5F/Lighting2375/Occupancy','20180109000000','20180109000000',1);

insert into room_sensor(location_id,room_id,sensor_id,cdate,udate,status) values('5014337','W2A601','/마곡 N1동 2/6F/Lighting522/Occupancy','20180109000000','20180109000000',1);
insert into room_sensor(location_id,room_id,sensor_id,cdate,udate,status) values('5014337','W2A601','/마곡 N1동 2/6F/Lighting523/Occupancy','20180109000000','20180109000000',1);
insert into room_sensor(location_id,room_id,sensor_id,cdate,udate,status) values('5014337','W2A601','/마곡 N1동 2/6F/Lighting535/Occupancy','20180109000000','20180109000000',1);
insert into room_sensor(location_id,room_id,sensor_id,cdate,udate,status) values('5014337','W2A601','/마곡 N1동 2/6F/Lighting536/Occupancy','20180109000000','20180109000000',1);
insert into room_sensor(location_id,room_id,sensor_id,cdate,udate,status) values('5014337','W2A602','/마곡 N1동 2/6F/Lighting520/Occupancy','20180109000000','20180109000000',1);
insert into room_sensor(location_id,room_id,sensor_id,cdate,udate,status) values('5014337','W2A602','/마곡 N1동 2/6F/Lighting521/Occupancy','20180109000000','20180109000000',1);
insert into room_sensor(location_id,room_id,sensor_id,cdate,udate,status) values('5014337','W2A602','/마곡 N1동 2/6F/Lighting533/Occupancy','20180109000000','20180109000000',1);
insert into room_sensor(location_id,room_id,sensor_id,cdate,udate,status) values('5014337','W2A602','/마곡 N1동 2/6F/Lighting534/Occupancy','20180109000000','20180109000000',1);
insert into room_sensor(location_id,room_id,sensor_id,cdate,udate,status) values('5014337','W2A603','/마곡 N1동 2/6F/Lighting519/Occupancy','20180109000000','20180109000000',1);
insert into room_sensor(location_id,room_id,sensor_id,cdate,udate,status) values('5014337','W2A603','/마곡 N1동 2/6F/Lighting532/Occupancy','20180109000000','20180109000000',1);
insert into room_sensor(location_id,room_id,sensor_id,cdate,udate,status) values('5014337','W2A604','/마곡 N1동 2/6F/Lighting518/Occupancy','20180109000000','20180109000000',1);
insert into room_sensor(location_id,room_id,sensor_id,cdate,udate,status) values('5014337','W2A604','/마곡 N1동 2/6F/Lighting531/Occupancy','20180109000000','20180109000000',1);
insert into room_sensor(location_id,room_id,sensor_id,cdate,udate,status) values('5014337','W2A605','/마곡 N1동 2/6F/Lighting516/Occupancy','20180109000000','20180109000000',1);
insert into room_sensor(location_id,room_id,sensor_id,cdate,udate,status) values('5014337','W2A605','/마곡 N1동 2/6F/Lighting529/Occupancy','20180109000000','20180109000000',1);
insert into room_sensor(location_id,room_id,sensor_id,cdate,udate,status) values('5014337','W2A606','/마곡 N1동 2/6F/Lighting515/Occupancy','20180109000000','20180109000000',1);
insert into room_sensor(location_id,room_id,sensor_id,cdate,udate,status) values('5014337','W2A606','/마곡 N1동 2/6F/Lighting528/Occupancy','20180109000000','20180109000000',1);
insert into room_sensor(location_id,room_id,sensor_id,cdate,udate,status) values('5014337','W2A607','/마곡 N1동 2/6F/Lighting514/Occupancy','20180109000000','20180109000000',1);
insert into room_sensor(location_id,room_id,sensor_id,cdate,udate,status) values('5014337','W2A607','/마곡 N1동 2/6F/Lighting527/Occupancy','20180109000000','20180109000000',1);
insert into room_sensor(location_id,room_id,sensor_id,cdate,udate,status) values('5014337','W2A608','/마곡 N1동 2/6F/Lighting513/Occupancy','20180109000000','20180109000000',1);
insert into room_sensor(location_id,room_id,sensor_id,cdate,udate,status) values('5014337','W2A608','/마곡 N1동 2/6F/Lighting526/Occupancy','20180109000000','20180109000000',1);
insert into room_sensor(location_id,room_id,sensor_id,cdate,udate,status) values('5014337','W2A609','/마곡 N1동 2/6F/Lighting511/Occupancy','20180109000000','20180109000000',1);
insert into room_sensor(location_id,room_id,sensor_id,cdate,udate,status) values('5014337','W2A609','/마곡 N1동 2/6F/Lighting512/Occupancy','20180109000000','20180109000000',1);
insert into room_sensor(location_id,room_id,sensor_id,cdate,udate,status) values('5014337','W2A609','/마곡 N1동 2/6F/Lighting524/Occupancy','20180109000000','20180109000000',1);
insert into room_sensor(location_id,room_id,sensor_id,cdate,udate,status) values('5014337','W2A609','/마곡 N1동 2/6F/Lighting525/Occupancy','20180109000000','20180109000000',1);
insert into room_sensor(location_id,room_id,sensor_id,cdate,udate,status) values('5014337','W2B601','/마곡 N1동 2/6F/Lighting869/Occupancy','20180109000000','20180109000000',1);
insert into room_sensor(location_id,room_id,sensor_id,cdate,udate,status) values('5014337','W2B601','/마곡 N1동 2/6F/Lighting870/Occupancy','20180109000000','20180109000000',1);
insert into room_sensor(location_id,room_id,sensor_id,cdate,udate,status) values('5014337','W2B601','/마곡 N1동 2/6F/Lighting882/Occupancy','20180109000000','20180109000000',1);
insert into room_sensor(location_id,room_id,sensor_id,cdate,udate,status) values('5014337','W2B601','/마곡 N1동 2/6F/Lighting883/Occupancy','20180109000000','20180109000000',1);
insert into room_sensor(location_id,room_id,sensor_id,cdate,udate,status) values('5014337','W2B602','/마곡 N1동 2/6F/Lighting868/Occupancy','20180109000000','20180109000000',1);
insert into room_sensor(location_id,room_id,sensor_id,cdate,udate,status) values('5014337','W2B602','/마곡 N1동 2/6F/Lighting881/Occupancy','20180109000000','20180109000000',1);
insert into room_sensor(location_id,room_id,sensor_id,cdate,udate,status) values('5014337','W2B603','/마곡 N1동 2/6F/Lighting867/Occupancy','20180109000000','20180109000000',1);
insert into room_sensor(location_id,room_id,sensor_id,cdate,udate,status) values('5014337','W2B603','/마곡 N1동 2/6F/Lighting880/Occupancy','20180109000000','20180109000000',1);
insert into room_sensor(location_id,room_id,sensor_id,cdate,udate,status) values('5014337','W2B604','/마곡 N1동 2/6F/Lighting866/Occupancy','20180109000000','20180109000000',1);
insert into room_sensor(location_id,room_id,sensor_id,cdate,udate,status) values('5014337','W2B604','/마곡 N1동 2/6F/Lighting879/Occupancy','20180109000000','20180109000000',1);
insert into room_sensor(location_id,room_id,sensor_id,cdate,udate,status) values('5014337','W2B605','/마곡 N1동 2/6F/Lighting862/Occupancy','20180109000000','20180109000000',1);
insert into room_sensor(location_id,room_id,sensor_id,cdate,udate,status) values('5014337','W2B605','/마곡 N1동 2/6F/Lighting875/Occupancy','20180109000000','20180109000000',1);
insert into room_sensor(location_id,room_id,sensor_id,cdate,udate,status) values('5014337','W2B606','/마곡 N1동 2/6F/Lighting860/Occupancy','20180109000000','20180109000000',1);
insert into room_sensor(location_id,room_id,sensor_id,cdate,udate,status) values('5014337','W2B606','/마곡 N1동 2/6F/Lighting861/Occupancy','20180109000000','20180109000000',1);
insert into room_sensor(location_id,room_id,sensor_id,cdate,udate,status) values('5014337','W2B606','/마곡 N1동 2/6F/Lighting873/Occupancy','20180109000000','20180109000000',1);
insert into room_sensor(location_id,room_id,sensor_id,cdate,udate,status) values('5014337','W2B606','/마곡 N1동 2/6F/Lighting874/Occupancy','20180109000000','20180109000000',1);
insert into room_sensor(location_id,room_id,sensor_id,cdate,udate,status) values('5014337','W2B607','/마곡 N1동 2/6F/Lighting858/Occupancy','20180109000000','20180109000000',1);
insert into room_sensor(location_id,room_id,sensor_id,cdate,udate,status) values('5014337','W2B607','/마곡 N1동 2/6F/Lighting859/Occupancy','20180109000000','20180109000000',1);
insert into room_sensor(location_id,room_id,sensor_id,cdate,udate,status) values('5014337','W2B607','/마곡 N1동 2/6F/Lighting871/Occupancy','20180109000000','20180109000000',1);
insert into room_sensor(location_id,room_id,sensor_id,cdate,udate,status) values('5014337','W2B607','/마곡 N1동 2/6F/Lighting872/Occupancy','20180109000000','20180109000000',1);

insert into authority(authority_id,type,cdate) values(1,0,'20180109000000');

insert into authority_location(authority_id,location_id,cdate) values(1,'5014337','20180109000000');

insert into user(user_id,password,login_count,last_login_time,pw_udate,cdate) values('sy3.lee@lge.com','sy3leelgecom',0,'20180109000000','20180109000000','20180109000000');
insert into person(user_id,first_name,last_name,email,phone_number,address,language,cdate) values('sy3.lee@lge.com','Seyoung','Lee','sy3.lee@lge.com','01072277605','','kor','20180109000000');
insert into user_authority(user_id,authority_id,cdate) values('sy3.lee@lge.com',1,'20180109000000');

insert into user(user_id,password,login_count,last_login_time,pw_udate,cdate) values('eungsuk.shon@lge.com','eungsukshonlgecom',0,'20180109000000','20180109000000','20180109000000');
insert into person(user_id,first_name,last_name,email,phone_number,address,language,cdate) values('eungsuk.shon@lge.com','Eungsuk','Shon','eungsuk.shon@lge.com','','','kor','20180109000000');
insert into user_authority(user_id,authority_id,cdate) values('eungsuk.shon@lge.com',1,'20180109000000');

insert into user(user_id,password,login_count,last_login_time,pw_udate,cdate) values('albert.yang@lge.com','albertyanglgecom',0,'20180109000000','20180109000000','20180109000000');
insert into person(user_id,first_name,last_name,email,phone_number,address,language,cdate) values('albert.yang@lge.com','Inchang','Yang','sy3.lee@lge.com','','','kor','20180109000000');
insert into user_authority(user_id,authority_id,cdate) values('albert.yang@lge.com',1,'20180109000000');